username,fullName,email
john_doe,John Doe,john.doe@example.com
jane_smith,Jane Smith,jane.smith@example.com
sam_johnson,Sam Johnson,sam.johnson@example.com
michael_lee,Michael Lee,michael.lee@example.com
emily_choi,Emily Choi,emily.choi@example.com
steve_kim,Steve Kim,steve.kim@example.com
lisa_wang,Lisa Wang,lisa.wang@example.com
peter_li,Peter Li,peter.li@example.com
jason_yang,Jason Yang,jason.yang@example.com
